2016-09-05T12:00:48.611Z,+0200

2016-09-05T12:52:21.880Z,+0200

2016-09-05T13:49:04.978Z,+0200

2016-09-05T13:49:04.990Z,+0200

2016-09-05T13:49:06.036Z,+0200

2016-09-05T13:54:15.871Z,+0200

2016-09-05T14:06:35.456Z,+0200

2016-09-05T14:26:20.561Z,+0200

2016-09-05T16:10:26.030Z,+0200

2016-09-05T18:13:46.105Z,+0200

2016-09-05T18:19:07.783Z,+0200

2016-09-06T06:37:32.326Z,+0200

2016-09-06T06:37:33.519Z,+0200

2016-09-06T06:45:57.089Z,+0200

2016-09-06T07:54:34.124Z,+0200

2016-09-06T07:59:45.116Z,+0200

2016-09-06T09:50:21.107Z,+0200

2016-09-06T09:50:21.190Z,+0200

2016-09-06T09:55:58.073Z,+0200

2016-09-06T10:00:49.122Z,+0200

2016-09-06T10:06:04.090Z,+0200

2016-09-06T10:11:37.113Z,+0200
